실제,예측,잔차
3.0,3.1195699957258953,-0.11956999572589533
4.0,2.9851637102710264,1.0148362897289736
2.5,3.008243259555181,-0.5082432595551811
3.0,2.6629323158948504,0.33706768410514965
3.5,3.190473784286189,0.3095262157138108
3.5,3.014155278838546,0.48584472116145383
2.5,2.494972064609573,0.0050279353904270074
4.0,4.010709923841094,-0.010709923841093705
3.0,3.24174847656896,-0.24174847656896015
4.5,3.668732334664433,0.8312676653355671
3.5,3.1664248790909792,0.33357512090902075
4.0,3.2517997778222125,0.7482002221777875
2.5,2.5275813528250413,-0.02758135282504126
4.5,4.06694568881909,0.43305431118090976
2.5,2.667500335887603,-0.16750033588760305
3.5,3.267650625862199,0.23234937413780088
3.0,2.9948193467907824,0.005180653209217567
3.0,3.341002698863182,-0.341002698863182
3.5,3.521519318130297,-0.02151931813029684
3.5,3.3441398482099864,0.15586015179001356
3.0,2.670718380789612,0.3292816192103878
2.0,2.0629029975840627,-0.0629029975840627
3.5,3.16607187526642,0.33392812473358013
3.0,3.068037864654388,-0.06803786465438799
3.5,3.1245302822916856,0.3754697177083144
2.0,2.833863134805769,-0.8338631348057688
5.0,3.6264643213084966,1.3735356786915034
3.0,3.325327179185898,-0.3253271791858978
2.0,2.7017058066074777,-0.7017058066074777
3.5,3.1083470663386255,0.39165293366137455
4.0,3.3887717216180655,0.6112282783819345
3.0,3.1260677824747014,-0.1260677824747014
3.5,3.5759278128608347,-0.07592781286083472
3.0,3.5321679168900917,-0.5321679168900917
4.5,3.750640519911753,0.749359480088247
3.0,3.088583063878914,-0.08858306387891401
3.0,3.1797351974765995,-0.1797351974765995
3.0,3.327970957087922,-0.3279709570879219
3.0,3.1098069896729217,-0.10980698967292168
3.5,3.1665437179456597,0.3334562820543403
3.0,3.5217817156787112,-0.5217817156787112
4.0,3.38107254531833,0.6189274546816699
3.0,2.9955401161230917,0.0044598838769083216
2.5,2.920238295768461,-0.42023829576846117
2.0,2.691150334370006,-0.6911503343700058
3.5,3.0601988187899956,0.43980118121000444
3.0,3.5058908750997104,-0.5058908750997104
3.0,3.311066277272767,-0.3110662772727668
3.0,3.1185406473565904,-0.11854064735659042
3.0,3.3459981220683996,-0.34599812206839964
3.0,3.0381394313446037,-0.038139431344603736
3.5,3.9751531203236463,-0.4751531203236463
3.0,2.9562796516386194,0.04372034836138061
4.0,3.624632490013063,0.3753675099869369
3.5,3.2889515413713197,0.21104845862868027
3.0,3.4797260119095714,-0.4797260119095714
4.0,3.4303855734218196,0.5696144265781804
3.0,2.955181380732517,0.04481861926748287
4.5,4.138972113927654,0.36102788607234615
3.5,3.5078332659879443,-0.007833265987944316
2.5,3.1336199327825125,-0.6336199327825125
3.0,3.064195219700841,-0.06419521970084086
3.5,3.8002313447727887,-0.3002313447727887
4.0,3.188321857218231,0.8116781427817692
3.0,3.0225036290536944,-0.022503629053694407
3.5,3.3398017473001356,0.16019825269986443
3.0,3.421308026915487,-0.42130802691548697
5.0,3.7672021941737817,1.2327978058262183
3.5,3.438153850907477,0.06184614909252284
3.5,3.2953794108053622,0.20462058919463777
3.5,3.069222199083178,0.43077780091682216
3.0,3.169402342536307,-0.16940234253630715
3.5,3.4171047115088484,0.08289528849115158
4.0,3.5889678572568404,0.4110321427431596
4.0,3.360200950528664,0.6397990494713359
3.0,2.7374486477540763,0.26255135224592374
3.5,3.435542454282334,0.06445754571766615
3.0,3.313127214860698,-0.31312721486069783
4.0,3.3994188679888455,0.6005811320111545
2.5,2.95001102372728,-0.4500110237272801
3.5,3.7272363137987146,-0.22723631379871456
4.0,3.635296631194185,0.3647033688058152
3.0,2.8889174779236573,0.11108252207634273
3.0,3.0878255146056723,-0.08782551460567234
4.0,3.3239384548561834,0.6760615451438166
2.5,2.9120452755427078,-0.41204527554270776
4.0,3.724005494524723,0.27599450547527704
3.0,3.0939615710002735,-0.09396157100027347
3.0,2.81982035420263,0.1801796457973701
3.0,3.090094191432405,-0.09009419143240516
3.0,3.1619735619419713,-0.16197356194197132
4.0,3.0998795903405623,0.9001204096594377
2.5,3.006734569396686,-0.506734569396686
3.5,3.46097385785195,0.03902614214805
3.0,3.4387720164774023,-0.43877201647740227
3.5,2.9831438211698695,0.5168561788301305
2.0,2.736684550436266,-0.7366845504362658
3.0,3.3363525325900114,-0.3363525325900114
4.0,3.7827877797042855,0.21721222029571452
3.0,3.409391399371499,-0.4093913993714988
3.5,3.2504363015368374,0.24956369846316262
4.0,2.998018228813238,1.0019817711867618
3.5,3.3941794295992906,0.10582057040070936
2.5,3.157384687257603,-0.6573846872576028
3.0,3.5599454793810392,-0.5599454793810392
4.0,3.3579220245159185,0.6420779754840815
4.0,3.6448833597611086,0.35511664023889145
3.0,2.7681372491390603,0.23186275086093966
3.5,3.30470133207044,0.19529866792955985
2.5,3.1117268140049643,-0.6117268140049643
4.0,3.832034805374152,0.16796519462584802
3.5,3.2678964286549035,0.23210357134509652
3.0,3.1682332675121643,-0.16823326751216428
3.0,3.352477706475586,-0.35247770647558596
4.0,3.360303212939987,0.639696787060013
3.0,3.3088020336617916,-0.3088020336617916
3.5,3.4675506820961175,0.0324493179038825
2.0,3.487579659048387,-1.4875796590483872
3.0,3.0409574181002044,-0.04095741810020437
3.5,3.64974682960383,-0.14974682960383
3.0,3.1471640045745755,-0.14716400457457546
3.0,2.8698617116911245,0.13013828830887553
4.0,3.771868069696611,0.22813193030338885
2.0,2.5998021247653598,-0.5998021247653598
3.5,3.164975486188992,0.3350245138110082
3.0,3.0065107544007628,-0.006510754400762764
3.0,3.2320486628498526,-0.2320486628498526
4.0,3.6725351345372927,0.32746486546270726
2.5,2.997956970747245,-0.4979569707472451
3.5,3.542850219667494,-0.04285021966749403
4.5,3.679599841852386,0.8204001581476139
3.5,3.456463131149164,0.043536868850836186
2.5,2.4485531437981725,0.05144685620182754
3.0,3.339674861804832,-0.339674861804832
3.0,2.8426120780621917,0.15738792193780826
3.5,3.146304767825462,0.3536952321745379
3.0,3.3543449458228047,-0.35434494582280474
3.0,2.983002683685541,0.016997316314459
4.0,3.3066646055027324,0.6933353944972676
3.0,2.750306337438314,0.24969366256168612
3.0,3.1950455921792003,-0.19504559217920026
3.5,3.6092042184109494,-0.1092042184109494
4.0,3.598101012100227,0.4018989878997732
3.0,3.395495129939881,-0.395495129939881
3.5,3.5675708384327787,-0.06757083843277867
4.0,3.6890127805942736,0.3109872194057264
3.0,3.1052792008543713,-0.10527920085437126
2.5,2.9349571998336317,-0.4349571998336317
2.5,3.1148050466787556,-0.6148050466787556
4.5,3.3459169261294393,1.1540830738705607
3.0,3.4300790735534137,-0.4300790735534137
2.5,3.0909577713983043,-0.5909577713983043
4.0,3.79904516349294,0.20095483650705992
3.0,3.0525195781480434,-0.05251957814804342
3.5,3.16269120452081,0.3373087954791898
3.0,3.356899396760252,-0.35689939676025206
3.0,3.22017253289908,-0.2201725328990798
3.0,3.3956708170454815,-0.39567081704548146
3.0,3.236016642910539,-0.2360166429105388
4.5,3.02288269226017,1.4771173077398299
2.0,2.6599825350714834,-0.6599825350714834
3.0,3.501908359883645,-0.5019083598836449
2.5,3.2043214804146047,-0.7043214804146047
3.5,3.3163884519437143,0.18361154805628566
2.5,3.15141591263612,-0.6514159126361201
2.5,2.851108623554284,-0.3511086235542842
3.0,3.1320539620815104,-0.13205396208151043
2.5,2.7701829046688693,-0.2701829046688693
3.0,3.698512217791471,-0.6985122177914711
2.5,3.1449463184401094,-0.6449463184401094
3.0,2.963520490253859,0.03647950974614078
3.0,2.9940308156879785,0.005969184312021536
3.0,2.9686869484621745,0.03131305153782549
2.5,2.9913753508911314,-0.4913753508911314
3.5,3.4820943983962316,0.017905601603768417
3.5,4.4214344276791975,-0.9214344276791975
3.0,3.13454477636506,-0.1345447763650598
3.5,3.273400349600765,0.22659965039923513
3.0,3.266920478881149,-0.2669204788811488
3.0,3.040134045758666,-0.04013404575866586
3.0,2.9151658451611113,0.08483415483888868
3.5,3.1550486192826868,0.34495138071731324
3.5,3.512319620355297,-0.0123196203552971
3.0,3.2127268633652153,-0.2127268633652153
3.5,3.635499167628248,-0.13549916762824799
2.5,2.726664340101218,-0.22666434010121783
3.0,3.4853750406326527,-0.4853750406326527
2.5,2.6015942298475174,-0.10159422984751743
4.0,3.66251022725695,0.33748977274305014
3.0,3.2283068498723586,-0.2283068498723586
4.0,3.786943841885277,0.213056158114723
4.0,3.8962336522838013,0.10376634771619875
3.5,3.1549124634666916,0.34508753653330837
2.5,2.8699369505269643,-0.3699369505269643
3.5,3.1629550095856622,0.3370449904143378
3.0,2.780699570048956,0.21930042995104415
3.5,3.151555077082898,0.34844492291710205
3.0,3.340344082942728,-0.3403440829427282
2.0,2.6267956141728397,-0.6267956141728397
4.0,3.1552592376125452,0.8447407623874548
4.0,3.916444057779895,0.0835559422201051
3.0,3.3925029529130715,-0.39250295291307147
4.0,3.3159975212091637,0.6840024787908363
3.5,3.115210107176496,0.38478989282350406
3.0,3.4990387663119535,-0.49903876631195354
3.5,3.081233746899921,0.41876625310007887
3.0,3.3062716655401236,-0.30627166554012364
5.0,3.7760611922139145,1.2239388077860855
3.5,3.4783719826911894,0.021628017308810588
2.5,2.9232658799812037,-0.4232658799812037
4.0,3.2674070713045027,0.7325929286954973
2.5,3.062655014463591,-0.5626550144635911
3.0,3.2869640533270883,-0.2869640533270883
5.0,3.5542502409483294,1.4457497590516706
3.0,3.242531619093825,-0.24253161909382515
3.5,4.008863920738265,-0.508863920738265
3.5,3.216755963633364,0.2832440363666362
3.5,3.561293333463761,-0.06129333346376109
3.0,3.0031134904186794,-0.0031134904186793655
3.0,2.9343493091249364,0.06565069087506359
2.5,3.091882202116962,-0.5918822021169619
3.5,3.377310059627542,0.12268994037245795
3.5,3.6701331078347885,-0.17013310783478852
3.0,3.0652693746170083,-0.06526937461700832
3.0,3.2645716626055994,-0.2645716626055994
2.5,3.431136859662317,-0.9311368596623169
3.0,3.271510456975356,-0.2715104569753559
4.0,3.7222418512241355,0.27775814877586447
3.5,3.0050478663504827,0.4949521336495173
3.5,3.4975399396295614,0.002460060370438555
3.0,2.908765915635412,0.0912340843645878
3.0,3.4492257013729675,-0.44922570137296747
3.0,2.978343175524232,0.02165682447576822
3.0,4.020486618216001,-1.020486618216001
2.5,2.841614327122951,-0.3416143271229508
3.0,3.616752018885423,-0.616752018885423
2.0,2.6202163786100807,-0.6202163786100807
3.0,3.044793383477202,-0.044793383477201854
2.5,2.6053713508398277,-0.10537135083982774
3.5,3.4594950723001108,0.040504927699889226
5.0,3.5180942255651693,1.4819057744348307
3.5,3.3045380420668167,0.19546195793318333
4.0,3.866429683551002,0.13357031644899786
4.0,3.8430326531594,0.1569673468406001
2.5,3.1376051133660936,-0.6376051133660936
3.0,2.9991826376695294,0.0008173623304705835
2.5,2.704907319082807,-0.2049073190828068
3.0,3.252173170062472,-0.2521731700624721
2.5,3.0534985016994782,-0.5534985016994782
3.0,3.1544980462583623,-0.15449804625836228
3.0,2.7871141036500586,0.21288589634994137
3.0,2.809198921161683,0.1908010788383172
3.0,3.1419897296536803,-0.14198972965368029
3.5,2.8757622774864657,0.6242377225135343
3.5,3.440979196236166,0.05902080376383401
3.0,2.8676855607925713,0.1323144392074287
3.5,3.4208150039277747,0.07918499607222529
3.0,3.6798537396082094,-0.6798537396082094
3.5,3.215024987952893,0.28497501204710707
2.5,3.284673696531812,-0.784673696531812
3.0,3.273874139144075,-0.2738741391440751
2.5,2.916617040655737,-0.416617040655737
3.5,3.769303887400177,-0.2693038874001772
3.5,3.9683535509808032,-0.4683535509808032
2.5,3.017613870082886,-0.5176138700828861
4.0,3.6389070115079547,0.3610929884920453
2.0,2.472704638636604,-0.47270463863660384
3.5,3.523548417165216,-0.02354841716521605
3.0,3.384783137583046,-0.38478313758304594
2.5,3.0223802299199622,-0.5223802299199622
3.0,3.501927553810717,-0.5019275538107171
3.0,2.935904997598221,0.06409500240177879
4.0,3.3795212812753204,0.6204787187246796
3.0,3.184883138801625,-0.184883138801625
3.0,3.1237631255855116,-0.12376312558551161
4.0,3.4189452350274645,0.5810547649725355
4.0,2.9437945732853943,1.0562054267146057
4.0,3.344720474230098,0.655279525769902
3.5,3.1157847693066345,0.3842152306933655
2.5,3.144271561823109,-0.6442715618231092
4.5,3.3456019892973736,1.1543980107026264
3.5,3.174436381337717,0.325563618662283
2.5,2.6789572987111785,-0.1789572987111785
3.5,3.313488954968021,0.1865110450319789
3.5,3.3870291620314235,0.11297083796857654
2.5,2.9192510172643953,-0.4192510172643953
3.5,3.5365131514987667,-0.03651315149876666
2.5,3.0713043978127517,-0.5713043978127517
3.5,3.1690137637821043,0.3309862362178957
4.5,3.5269297435758724,0.9730702564241276
3.5,3.220356377009358,0.2796436229906418
3.5,3.118646292694615,0.3813537073053852
2.5,2.722190603535283,-0.22219060353528297
4.0,3.6537479203417473,0.34625207965825266
3.0,2.9368615810538663,0.0631384189461337
3.5,3.379832494784543,0.12016750521545694
4.5,3.518041316570366,0.9819586834296339
3.5,3.434559874238056,0.06544012576194413
3.5,3.2273417911272966,0.2726582088727034
3.0,3.1079345696562153,-0.10793456965621528
3.0,3.192534269931997,-0.19253426993199696
3.0,2.982297140419606,0.01770285958039386
3.0,2.839901111148473,0.16009888885152712
3.5,3.4511478412507466,0.048852158749253416
3.5,3.2037784621391485,0.2962215378608515
3.0,2.743857742361227,0.2561422576387731
3.5,3.558066718446209,-0.05806671844620892
4.0,3.298109462107393,0.701890537892607
3.5,3.47523978979163,0.024760210208369937
3.0,2.9939779518619947,0.0060220481380053315
3.0,3.216454748461789,-0.21645474846178914
3.5,3.527392058539957,-0.027392058539957187
3.0,3.182204961695177,-0.18220496169517686
3.0,2.8248878232607613,0.17511217673923873
3.5,3.41818464731114,0.08181535268886009
2.0,3.147613095321283,-1.147613095321283
3.5,3.263134113119594,0.23686588688040588
2.0,2.904037975563274,-0.9040379755632739
2.5,3.604032156792595,-1.104032156792595
3.0,3.4365227829586242,-0.43652278295862423
3.5,3.2555245293933073,0.24447547060669272
3.5,3.005646825586153,0.4943531744138472
3.0,2.913326756810985,0.08667324318901493
3.0,3.413987937055729,-0.4139879370557291
2.5,3.021487442901003,-0.521487442901003
3.0,3.2830956698312725,-0.28309566983127255
3.0,3.4961140514425644,-0.4961140514425644
4.0,3.9989226847712374,0.001077315228762643
3.5,3.0707034312542425,0.4292965687457575
3.0,3.3996647736336114,-0.3996647736336114
3.0,3.496119028002281,-0.49611902800228114
3.5,3.2294995531980413,0.2705004468019587
3.0,3.105107456882647,-0.10510745688264711
4.0,3.6187326586150816,0.38126734138491836
3.5,3.3615702593469536,0.13842974065304636
3.5,2.9533560613247167,0.5466439386752833
3.5,3.306605653931521,0.19339434606847883
4.0,3.2980870708505954,0.7019129291494046
3.5,3.691156470650208,-0.19115647065020802
3.0,2.968205431676175,0.03179456832382499
3.0,3.515168607640305,-0.5151686076403048
3.0,3.861693290540632,-0.8616932905406318
2.0,3.1136522715985353,-1.1136522715985353
3.0,3.3976323116747422,-0.3976323116747422
3.0,3.4779750199554376,-0.47797501995543756
4.0,3.396748714454599,0.6032512855454009
2.5,3.483128223422092,-0.9831282234220922
3.0,3.152859277400753,-0.1528592774007529
2.5,3.02896949546615,-0.5289694954661499
4.0,3.4021390646812932,0.5978609353187068
3.0,3.502806644492415,-0.5028066444924151
2.5,2.7752671676673164,-0.2752671676673164
2.5,3.1098608884099144,-0.6098608884099144
3.0,3.03012563825553,-0.030125638255530163
3.5,3.5336523666089015,-0.033652366608901474
3.0,3.187476168300518,-0.18747616830051816
2.5,3.476298293232734,-0.976298293232734
3.5,3.4732148845081725,0.026785115491827494
3.0,3.187237723396141,-0.18723772339614086
3.0,2.646915932589096,0.3530840674109039
3.5,3.0118961309519,0.4881038690480999
3.0,3.4382488782994476,-0.4382488782994476
3.0,3.169889671069883,-0.16988967106988317
2.0,2.5452088794634715,-0.5452088794634715
3.5,3.3528149313467437,0.1471850686532563
3.5,3.8150315022895445,-0.31503150228954446
3.0,2.939957669442482,0.06004233055751795
3.0,3.621266685271026,-0.621266685271026
2.5,3.200474652194084,-0.7004746521940839
3.0,3.2855965681072594,-0.2855965681072594
4.5,3.45305160278113,1.0469483972188698
3.0,3.271692821593264,-0.2716928215932639
3.0,3.5273206956355647,-0.5273206956355647
3.0,3.274675418718774,-0.2746754187187741
3.0,3.199888341345126,-0.199888341345126
4.0,3.5202834762365023,0.4797165237634977
3.0,2.356904472033298,0.6430955279667021
3.0,2.891020545956947,0.10897945404305309
3.0,3.3186439314145253,-0.3186439314145253
3.0,3.036231737291063,-0.036231737291063215
2.5,3.1163472401507923,-0.6163472401507923
3.0,3.1125417592472684,-0.11254175924726839
2.5,2.9473044349465893,-0.44730443494658934
3.0,3.201940636076529,-0.2019406360765288
4.0,3.4511959659676505,0.5488040340323495
4.0,3.9897674809607913,0.010232519039208743
3.0,3.0400793325713185,-0.04007933257131846
3.0,3.1329641136101394,-0.13296411361013938
3.0,3.228772331785242,-0.22877233178524214
3.0,2.9389086989650686,0.06109130103493143
3.5,3.1185988052941997,0.38140119470580025
4.0,3.0342673472519004,0.9657326527480996
3.0,3.135696778073868,-0.13569677807386782
3.0,3.632592473922194,-0.6325924739221942
3.5,3.175021483072521,0.3249785169274788
3.0,3.1778203128211033,-0.17782031282110333
2.5,2.978715931329772,-0.4787159313297722
3.0,2.9881069353869036,0.01189306461309636
2.5,2.9626226507496956,-0.46262265074969555
2.5,3.0529829286491807,-0.5529829286491807
3.5,3.30228617594022,0.19771382405978022
3.5,3.0154677669221726,0.48453223307782745
3.0,3.3264610144319335,-0.32646101443193354
3.5,3.5968231510877176,-0.09682315108771755
3.0,3.2095725147721184,-0.20957251477211836
3.0,3.2122388702656255,-0.2122388702656255
3.5,3.276493632413121,0.22350636758687914
3.5,3.187867811963809,0.31213218803619114
4.0,3.7976869900918278,0.20231300990817225
3.0,2.978782932860478,0.021217067139521983
4.0,3.8373893890755517,0.16261061092444828
3.0,3.240962000117124,-0.2409620001171242
3.0,3.0432271178992902,-0.043227117899290235
4.0,3.424246025810961,0.575753974189039
3.5,3.4008235125503155,0.09917648744968455
2.5,2.8385609162304184,-0.3385609162304184
3.0,3.3289638883407533,-0.3289638883407533
4.5,3.8114481714071204,0.6885518285928796
3.5,3.3597301911223383,0.14026980887766172
3.0,3.465289955655319,-0.46528995565531917
3.5,3.652887324388614,-0.15288732438861397
3.5,3.0413750720491173,0.4586249279508827
4.5,3.947365560655592,0.5526344393444078
3.0,3.1934725637758525,-0.19347256377585254
3.0,3.4773218481986228,-0.4773218481986228
2.0,3.0477453064298814,-1.0477453064298814
3.5,3.3215372271193644,0.1784627728806356
3.0,2.8992468542730943,0.10075314572690575
4.5,3.7577649845058088,0.7422350154941912
3.5,3.578136605204978,-0.0781366052049779
3.5,2.9100115687092516,0.5899884312907484
2.5,3.1163772946516306,-0.6163772946516306
4.0,3.2982400113321204,0.7017599886678796
3.0,3.3588599963996644,-0.35885999639966437
3.0,3.5810688897239396,-0.5810688897239396
4.0,3.4519604728370887,0.5480395271629113
4.0,3.672397993785832,0.327602006214168
3.0,2.9550366116626403,0.04496338833735969
3.0,3.09162782229294,-0.09162782229293986
3.0,3.135353072853148,-0.1353530728531478
3.5,3.472280234421324,0.027719765578675837
3.5,3.6284138482480457,-0.1284138482480457
3.5,3.4886818560230655,0.011318143976934536
3.0,3.412775795156056,-0.412775795156056
2.5,3.3408346859066973,-0.8408346859066973
3.0,3.460171390333753,-0.4601713903337532
2.5,3.4615578715691817,-0.9615578715691817
4.0,3.345206488511851,0.6547935114881489
2.5,2.7901426570166095,-0.29014265701660946
3.0,2.5526119253571706,0.44738807464282937
3.5,3.552286289992591,-0.052286289992590884
4.0,3.2761905494437307,0.7238094505562693
4.0,3.2261340234612255,0.7738659765387745
4.0,3.3112257987253533,0.6887742012746467
3.5,3.5473655967522446,-0.04736559675224461
4.0,3.6248808474026046,0.37511915259739537
3.5,3.3862941906537984,0.11370580934620156
4.0,3.748412985777692,0.251587014222308
3.5,3.413179770226163,0.08682022977383719
3.0,3.3015180747322552,-0.3015180747322552
3.0,3.3818133780921507,-0.38181337809215066
3.5,3.4991253047912863,0.0008746952087137494
3.5,3.2269189511273915,0.27308104887260853
3.0,3.318554740283398,-0.3185547402833979
4.5,3.2691058675141296,1.2308941324858704
3.5,3.405432076391238,0.09456792360876198
2.5,2.9416282851948146,-0.44162828519481456
2.5,2.773781135877684,-0.2737811358776838
4.0,3.2649447793263566,0.7350552206736434
3.5,3.5095305653287334,-0.00953056532873342
3.0,2.9948315402063863,0.005168459793613689
4.5,3.333753114263415,1.166246885736585
3.0,2.7089924345089376,0.29100756549106244
4.0,3.4988147407359738,0.5011852592640262
3.0,3.1517863704397975,-0.15178637043979748
3.0,3.4240211678159724,-0.42402116781597243
3.0,3.0506173453588183,-0.050617345358818344
3.0,3.1468320431494186,-0.14683204314941856
2.0,2.337010313476293,-0.3370103134762932
3.0,2.820821689094003,0.17917831090599678
3.5,3.116329667874883,0.38367033212511714
3.0,3.0587815921781396,-0.05878159217813961
3.0,2.593344528326061,0.4066554716739388
3.5,3.162467573015481,0.3375324269845188
3.0,3.677324735352393,-0.6773247353523928
3.5,3.727540494122575,-0.22754049412257515
3.0,2.9352732310159713,0.06472676898402874
3.5,3.5465375066998917,-0.04653750669989165
3.0,3.2278559556837365,-0.2278559556837365
3.5,3.4207248042545224,0.07927519574547759
3.0,3.0006589236493224,-0.0006589236493224071
3.5,3.5974320171969043,-0.09743201719690431
3.0,3.0585871867922223,-0.0585871867922223
3.5,3.572753388610643,-0.07275338861064284
4.0,3.5723434661001545,0.4276565338998455
3.5,3.149252769812358,0.350747230187642
2.5,2.525670885594432,-0.02567088559443187
3.0,2.6309811115300445,0.36901888846995545
3.5,3.4502838691031736,0.04971613089682636
4.5,3.663028404607136,0.836971595392864
3.0,3.232680709481778,-0.232680709481778
3.0,2.587651616589964,0.4123483834100359
2.5,3.481910308765197,-0.981910308765197
3.0,3.187475447393498,-0.18747544739349786
3.0,3.1155437443827974,-0.11554374438279735
2.0,3.458059716182755,-1.4580597161827549
1.5,2.3602704026291415,-0.8602704026291415
3.0,2.9520550642893064,0.04794493571069358
3.5,3.7131088050251595,-0.2131088050251595
3.0,3.5090926506782694,-0.5090926506782694
3.5,3.4356081268275847,0.06439187317241535
4.0,3.528734583969451,0.47126541603054894
3.5,3.5874635910701875,-0.08746359107018753
3.0,3.3835423660071378,-0.38354236600713776
3.0,3.457535953458954,-0.45753595345895404
3.0,3.1821886628330858,-0.18218866283308577
2.5,2.5163948824308373,-0.01639488243083731
2.0,3.168315045611559,-1.1683150456115592
4.0,3.0589947869707643,0.9410052130292357
3.0,3.051368868458171,-0.05136886845817079
4.0,3.58784923926673,0.41215076073327017
3.5,3.114772423930843,0.3852275760691568
3.0,3.334272604757011,-0.33427260475701104
2.5,3.314145903438183,-0.8141459034381828
2.5,2.761300741833045,-0.2613007418330451
3.0,3.2208282052256645,-0.2208282052256645
3.5,3.4594001590323202,0.04059984096767977
3.5,3.4843891862134604,0.015610813786539612
3.0,2.928327090957372,0.0716729090426278
5.0,3.7821084731600716,1.2178915268399284
2.5,2.6875811613742826,-0.1875811613742826
3.0,3.1850211900428533,-0.18502119004285333
4.0,3.1581525360443976,0.8418474639556024
3.5,3.5402150099361163,-0.040215009936116264
3.5,3.1477000618013906,0.3522999381986094
3.5,3.229839761078695,0.27016023892130514
3.5,3.1592281016527366,0.3407718983472634
3.0,2.704598860408787,0.29540113959121284
3.0,3.4352313794408116,-0.4352313794408116
3.0,3.199288053812852,-0.19928805381285208
4.0,3.5478278510536128,0.45217214894638724
4.0,3.7943042623754315,0.2056957376245685
2.5,3.0778472024371477,-0.5778472024371477
3.5,3.118851725813078,0.3811482741869221
4.0,3.2930583286204187,0.7069416713795813
2.0,2.8578055668798186,-0.8578055668798186
3.0,3.179876838365184,-0.1798768383651841
3.5,3.4196897229917558,0.08031027700824422
3.0,2.893868124363294,0.10613187563670579
3.0,3.2431860694014496,-0.2431860694014496
3.5,3.4261023308125065,0.07389766918749352
3.0,3.121790735530332,-0.12179073553033204
3.5,3.3310068073072476,0.16899319269275237
2.5,2.9016304487465834,-0.4016304487465834
3.5,2.967448353982075,0.5325516460179252
3.0,3.376353217365747,-0.3763532173657471
4.0,3.5412238344826386,0.45877616551736145
2.5,3.0712638582802545,-0.5712638582802545
2.0,2.94281265444817,-0.9428126544481699
4.0,3.216902688504863,0.783097311495137
4.0,3.4170937082836605,0.5829062917163395
2.5,3.3866009644905097,-0.8866009644905097
3.0,3.5625578864934777,-0.5625578864934777
3.0,2.9224731831127113,0.07752681688728869
2.5,3.149351335972042,-0.649351335972042
5.0,3.8178964235605712,1.1821035764394288
3.5,2.897327024216919,0.6026729757830811
2.0,2.7385308824867085,-0.7385308824867085
3.0,2.913441312058548,0.08655868794145194
3.0,2.9782073080772435,0.021792691922756458
3.0,2.856098229659135,0.14390177034086493
4.0,3.8592680433548225,0.14073195664517746
3.0,3.387370179568373,-0.38737017956837283
3.5,3.10846314069989,0.39153685930011006
3.5,3.547758543240755,-0.047758543240755014
3.0,2.9820391947830305,0.017960805216969522
2.5,2.8305992338819954,-0.3305992338819954
4.0,3.2256537463666675,0.7743462536333325
3.0,3.408771432364389,-0.40877143236438895
3.0,3.135488244927275,-0.13548824492727496
3.0,3.565932436275135,-0.5659324362751348
3.5,3.230017624461789,0.2699823755382109
3.0,2.76994102859881,0.2300589714011898
4.0,3.4692516974267833,0.5307483025732167
3.0,2.9791576370978734,0.0208423629021266
3.0,3.317708083075973,-0.31770808307597287
3.0,3.218413483641339,-0.21841348364133895
4.0,3.4661941776336636,0.5338058223663364
4.0,3.62893582220804,0.3710641777919599
4.0,3.453835969522453,0.5461640304775468
2.5,2.928214444323053,-0.4282144443230531
3.5,3.9848517976304065,-0.48485179763040653
3.5,3.666340905857641,-0.16634090585764083
3.0,3.048796231207897,-0.04879623120789711
3.5,3.553756664082505,-0.0537566640825049
3.5,3.264690580887029,0.23530941911297099
3.0,2.792009774813627,0.20799022518637278
4.0,3.6949530586525934,0.3050469413474066
3.0,3.0968709087898483,-0.09687090878984828
3.0,3.6651345208516553,-0.6651345208516553
3.5,3.4893388104981202,0.010661189501879775
3.5,2.961999807425782,0.5380001925742182
2.5,2.610922735567494,-0.11092273556749399
3.5,2.9345681071111405,0.5654318928888595
3.5,3.3694403065596865,0.13055969344031348
3.0,3.119339920342402,-0.11933992034240193
2.5,3.350868457513968,-0.8508684575139678
4.0,3.061598333756418,0.9384016662435819
3.0,3.178721392086525,-0.17872139208652493
4.0,3.4847235609367644,0.5152764390632356
4.0,3.9302145342361783,0.06978546576382172
4.5,3.512783822922571,0.9872161770774288
3.0,3.088672685509627,-0.08867268550962715
3.0,2.866956514517875,0.13304348548212497
2.5,2.5914566498111626,-0.09145664981116264
3.0,3.2361850744767207,-0.23618507447672066
3.0,3.1713006451406307,-0.1713006451406307
3.0,3.2441999545153233,-0.24419995451532328
3.5,3.3735141211363238,0.12648587886367624
4.0,3.5251299123530586,0.4748700876469414
3.0,3.0650464894002476,-0.0650464894002476
4.0,3.4620029616182806,0.5379970383817194
3.0,3.3959424920380887,-0.39594249203808873
3.5,3.020355543612005,0.4796444563879949
2.5,2.7852777677929184,-0.28527776779291836
3.0,2.9631281496723774,0.036871850327622635
4.0,3.7708222546333716,0.22917774536662838
3.5,2.957771283583121,0.5422287164168789
2.5,3.1492497921201004,-0.6492497921201004
3.0,3.353442661635126,-0.35344266163512605
3.0,3.0355182842258066,-0.03551828422580661
3.0,3.5387020387465538,-0.5387020387465538
2.5,2.5427770670436316,-0.0427770670436316
4.0,3.771099304363863,0.22890069563613702
3.0,3.314327680354014,-0.31432768035401404
3.0,2.866220768794977,0.13377923120502322
3.5,3.528063198562277,-0.028063198562276792
2.5,2.7085912904014546,-0.20859129040145463
3.0,3.0441958711603374,-0.04419587116033741
3.5,3.4636148327974126,0.03638516720258744
4.0,3.4341340815170356,0.5658659184829644
3.5,3.6035874495814255,-0.10358744958142552
3.0,3.3140053311981776,-0.31400533119817764
3.5,3.9187283494619365,-0.4187283494619365
4.0,3.6208401509461723,0.3791598490538277
4.0,3.5797039063326928,0.42029609366730725
2.5,3.0045660176461175,-0.5045660176461175
4.0,3.4435283865443513,0.5564716134556487
3.0,3.122526215840853,-0.12252621584085288
3.5,3.123676295474033,0.3763237045259671
3.5,3.3332593849859737,0.16674061501402626
3.0,3.5339491097619096,-0.5339491097619096
3.0,2.9141538434211225,0.08584615657887751
2.5,2.7355922296302944,-0.23559222963029436
3.0,3.3771954180615165,-0.37719541806151646
3.0,3.293818877843465,-0.29381887784346494
4.0,3.844519551514218,0.15548044848578213
2.5,2.6676375019611505,-0.16763750196115046
3.5,2.862156203500382,0.637843796499618
3.0,3.086559667550594,-0.08655966755059419
3.0,3.3043515395697374,-0.3043515395697374
3.0,3.4291057963708673,-0.4291057963708673
3.0,3.175311294848322,-0.17531129484832197
3.0,3.42635174839007,-0.42635174839006984
3.5,3.385544445620642,0.11445555437935795
2.0,3.0763732127251036,-1.0763732127251036
2.5,3.113131413613838,-0.6131314136138379
3.5,3.247272200751081,0.2527277992489192
2.5,3.099425593267386,-0.599425593267386
3.5,3.0456821207944196,0.4543178792055804
4.0,3.263173825363389,0.7368261746366112
3.5,3.10216977978304,0.39783022021696013
3.5,3.5054480556510534,-0.005448055651053441
3.0,3.1894931685206216,-0.1894931685206216
3.5,3.1876782814799083,0.3123217185200917
3.0,3.061402621462688,-0.061402621462688156
4.0,3.416575964973091,0.5834240350269089
3.0,3.2558306954916034,-0.2558306954916034
3.0,2.9514171933408098,0.048582806659190236
2.5,2.6738285910540593,-0.17382859105405934
3.0,3.2588830825952564,-0.2588830825952564
4.0,3.7932946568103283,0.2067053431896717
3.0,2.610957738428919,0.3890422615710811
3.0,3.1343086595896446,-0.13430865958964455
4.0,3.4545817675416917,0.5454182324583083
3.0,3.438736483704499,-0.43873648370449914
3.0,3.024846536548193,-0.024846536548193132
4.5,3.613082732041647,0.8869172679583528
3.0,3.246979772680064,-0.246979772680064
4.0,3.301473360726082,0.698526639273918
3.5,3.387121696701172,0.11287830329882809
2.5,3.121703342507504,-0.6217033425075038
3.0,3.436019924268132,-0.4360199242681322
3.5,3.224814475126848,0.27518552487315207
3.0,3.227503819434581,-0.2275038194345811
3.5,3.6911453463760235,-0.19114534637602354
2.5,2.972557464782866,-0.4725574647828661
3.0,3.6013206086843854,-0.6013206086843854
2.5,2.6299575703761073,-0.12995757037610733
3.5,3.580504198629692,-0.08050419862969216
3.0,2.847706248215127,0.1522937517848728
2.5,3.2103698513820436,-0.7103698513820436
3.5,3.299788593450625,0.20021140654937497
4.5,2.9772403383449233,1.5227596616550767
3.5,3.4930928061177986,0.006907193882201401
3.5,3.050634674400431,0.4493653255995689
3.5,3.070760645624413,0.429239354375587
3.0,2.759344881189424,0.24065511881057589
3.5,3.1850459075977215,0.31495409240227845
3.0,3.022713003826143,-0.02271300382614294
2.0,2.5156968158574595,-0.5156968158574595
3.0,3.1729775773946205,-0.1729775773946205
2.5,2.7224059788983404,-0.22240597889834035
3.0,3.5148198034558913,-0.5148198034558913
4.0,3.3756466105004166,0.6243533894995834
2.5,2.6476480966632683,-0.14764809666326828
3.5,2.9689905200138806,0.5310094799861194
3.5,3.592521382315375,-0.09252138231537499
3.0,3.4746537203303998,-0.47465372033039976
3.5,3.4375351147298012,0.06246488527019878
3.0,3.2603566621214366,-0.2603566621214366
4.0,3.0349060124691327,0.9650939875308673
3.5,3.5042559446838104,-0.004255944683810409
3.5,3.1134244080462814,0.3865755919537186
2.5,3.359741795136022,-0.859741795136022
3.5,3.196954965141272,0.3030450348587279
4.0,3.35176180926269,0.64823819073731
2.5,3.1372435096604527,-0.6372435096604527
4.0,2.7891960012651604,1.2108039987348396
4.0,3.5966582941379337,0.4033417058620663
3.0,3.342676003916875,-0.3426760039168748
4.0,3.412828860482474,0.5871711395175261
2.5,2.9196050882565583,-0.4196050882565583
2.5,3.2242254633028016,-0.7242254633028016
3.0,3.240813811682059,-0.24081381168205906
2.5,3.1633278125743787,-0.6633278125743787
4.0,3.206952789709224,0.793047210290776
3.0,3.2049644507197694,-0.20496445071976943
2.5,2.9886179874971934,-0.48861798749719343
3.5,3.4734443429109447,0.026555657089055273
2.0,3.168784174437933,-1.168784174437933
2.5,3.5060021656222453,-1.0060021656222453
3.5,3.656871711438935,-0.15687171143893508
4.5,4.253163280479271,0.24683671952072928
3.0,3.078688217407167,-0.07868821740716703
3.0,3.1273291940965833,-0.12732919409658328
3.5,3.332388206547217,0.167611793452783
1.5,2.827397698448235,-1.3273976984482352
4.0,3.1422823936296687,0.8577176063703313
2.5,2.464024003212908,0.03597599678709207
